"","condition","event_set1_marginal","event_set1_conjunction","event_set1_disjunction","event_set1_order","event_set2_marginal","event_set2_conjunction","event_set2_disjunction","event_set2_order","event_set3_marginal","event_set3_conjunction","event_set3_disjunction","event_set3_order","event_set4_marginal","event_set4_conjunction","event_set4_disjunction","event_set4_order","event_set5_marginal","event_set5_conjunction","event_set5_disjunction","event_set5_order","event_set6_marginal","event_set6_conjunction","event_set6_disjunction","event_set6_order","event_set7_marginal","event_set7_conjunction","event_set7_disjunction","event_set7_order","event_set8_marginal","event_set8_conjunction","event_set8_disjunction","event_set8_order","numeracy_score","id"
"1","pair","2 _ 3 _ 1 _ 4","1 _ 3 _ 2 _ 4","3 _ 2 _ 1 _ 4","marginal_disjunction_conjunction","NA _ NA _ NA _ NA"," _  _  _ "," _  _  _ ","-","NA _ NA _ NA _ NA"," _  _  _ "," _  _  _ ","-","2 _ 3 _ 4 _ 1","3 _ 1 _ 4 _ 2","2 _ 1 _ 3 _ 4","disjunction_conjunction_marginal","NA _ NA _ NA _ NA"," _  _  _ "," _  _  _ ","-","4 _ 1 _ 3 _ 2","4 _ 2 _ 3 _ 1","4 _ 2 _ 3 _ 1","conjunction_disjunction_marginal","3 _ 2 _ 4 _ 1","4 _ 1 _ 3 _ 2","4 _ 1 _ 2 _ 3","disjunction_marginal_conjunction","NA _ NA _ NA _ NA"," _  _  _ "," _  _  _ ","-",4,43
"2","pair","NA _ NA _ NA _ NA"," _  _  _ "," _  _  _ ","-","2 _ 3 _ 1 _ 4","2 _ 3 _ 1 _ 4","2 _ 3 _ 1 _ 4","marginal_conjunction_disjunction","2 _ 3 _ 1 _ 4","2 _ 3 _ 4 _ 1","3 _ 2 _ 1 _ 4","marginal_conjunction_disjunction","NA _ NA _ NA _ NA"," _  _  _ "," _  _  _ ","-","4 _ 1 _ 3 _ 2","4 _ 1 _ 3 _ 2","4 _ 3 _ 2 _ 1","marginal_conjunction_disjunction","NA _ NA _ NA _ NA"," _  _  _ "," _  _  _ ","-","NA _ NA _ NA _ NA"," _  _  _ "," _  _  _ ","-","1 _ 4 _ 2 _ 3","4 _ 1 _ 2 _ 3","1 _ 4 _ 2 _ 3","conjunction_disjunction_marginal",2,94
"3","pair","NA _ NA _ NA _ NA"," _  _  _ "," _  _  _ ","-","2 _ 3 _ 4 _ 1","3 _ 1 _ 4 _ 2","1 _ 2 _ 3 _ 4","disjunction_conjunction_marginal","3 _ 2 _ 4 _ 1","4 _ 1 _ 3 _ 2","3 _ 4 _ 2 _ 1","disjunction_marginal_conjunction","NA _ NA _ NA _ NA"," _  _  _ "," _  _  _ ","-","2 _ 3 _ 1 _ 4","2 _ 1 _ 3 _ 4","3 _ 4 _ 2 _ 1","conjunction_marginal_disjunction","3 _ 2 _ 4 _ 1","2 _ 3 _ 4 _ 1","2 _ 3 _ 4 _ 1","disjunction_conjunction_marginal","NA _ NA _ NA _ NA"," _  _  _ "," _  _  _ ","-","NA _ NA _ NA _ NA"," _  _  _ "," _  _  _ ","-",3,19
"4","full"," _  _  _ "," _  _  _ "," _  _  _ ","-","1 _ 3 _ 4 _ 2","3 _ 1 _ 4 _ 2","1 _ 2 _ 4 _ 3","conjunction_disjunction_marginal"," _  _  _ "," _  _  _ "," _  _  _ ","-","1 _ 4 _ 3 _ 2","2 _ 1 _ 4 _ 3","2 _ 1 _ 4 _ 3","marginal_disjunction_conjunction"," _  _  _ "," _  _  _ "," _  _  _ ","-"," _  _  _ "," _  _  _ "," _  _  _ ","-","3 _ 1 _ 4 _ 2","4 _ 2 _ 3 _ 1","4 _ 2 _ 3 _ 1","conjunction_marginal_disjunction","2 _ 3 _ 1 _ 4","1 _ 3 _ 2 _ 4","1 _ 3 _ 2 _ 4","marginal_disjunction_conjunction",6,60
"5","full"," _  _  _ "," _  _  _ "," _  _  _ ","-"," _  _  _ "," _  _  _ "," _  _  _ ","-","4 _ 1 _ 3 _ 2","3 _ 4 _ 2 _ 1","4 _ 3 _ 2 _ 1","conjunction_disjunction_marginal","1 _ 3 _ 4 _ 2","2 _ 1 _ 4 _ 3","1 _ 2 _ 4 _ 3","conjunction_disjunction_marginal"," _  _  _ "," _  _  _ "," _  _  _ ","-"," _  _  _ "," _  _  _ "," _  _  _ ","-","2 _ 4 _ 3 _ 1","2 _ 1 _ 3 _ 4","1 _ 3 _ 2 _ 4","marginal_conjunction_disjunction","1 _ 4 _ 2 _ 3","1 _ 2 _ 3 _ 4","2 _ 1 _ 4 _ 3","disjunction_conjunction_marginal",6,83
"6","pair","1 _ 4 _ 2 _ 3","4 _ 3 _ 1 _ 2","4 _ 3 _ 2 _ 1","marginal_conjunction_disjunction","NA _ NA _ NA _ NA"," _  _  _ "," _  _  _ ","-","NA _ NA _ NA _ NA"," _  _  _ "," _  _  _ ","-","1 _ 4 _ 2 _ 3","2 _ 3 _ 4 _ 1","4 _ 1 _ 2 _ 3","conjunction_disjunction_marginal","NA _ NA _ NA _ NA"," _  _  _ "," _  _  _ ","-","NA _ NA _ NA _ NA"," _  _  _ "," _  _  _ ","-","3 _ 2 _ 1 _ 4","4 _ 3 _ 2 _ 1","4 _ 3 _ 2 _ 1","marginal_conjunction_disjunction","1 _ 4 _ 2 _ 3","1 _ 4 _ 2 _ 3","3 _ 4 _ 2 _ 1","disjunction_marginal_conjunction",6,92
"7","full","2 _ 4 _ 1 _ 3","1 _ 3 _ 2 _ 4","2 _ 3 _ 1 _ 4","conjunction_marginal_disjunction"," _  _  _ "," _  _  _ "," _  _  _ ","-"," _  _  _ "," _  _  _ "," _  _  _ ","-","2 _ 3 _ 4 _ 1","4 _ 1 _ 3 _ 2","1 _ 3 _ 2 _ 4","disjunction_marginal_conjunction","2 _ 3 _ 4 _ 1","1 _ 2 _ 4 _ 3","1 _ 2 _ 4 _ 3","conjunction_disjunction_marginal","4 _ 1 _ 3 _ 2","3 _ 4 _ 2 _ 1","3 _ 4 _ 2 _ 1","marginal_disjunction_conjunction"," _  _  _ "," _  _  _ "," _  _  _ ","-"," _  _  _ "," _  _  _ "," _  _  _ ","-",4,16
"8","pair","NA _ NA _ NA _ NA"," _  _  _ "," _  _  _ ","-","3 _ 2 _ 1 _ 4","4 _ 2 _ 1 _ 3","4 _ 2 _ 3 _ 1","disjunction_conjunction_marginal","4 _ 1 _ 3 _ 2","2 _ 4 _ 1 _ 3","2 _ 1 _ 3 _ 4","marginal_conjunction_disjunction","NA _ NA _ NA _ NA"," _  _  _ "," _  _  _ ","-","NA _ NA _ NA _ NA"," _  _  _ "," _  _  _ ","-","NA _ NA _ NA _ NA"," _  _  _ "," _  _  _ ","-","4 _ 1 _ 3 _ 2","1 _ 3 _ 2 _ 4","1 _ 2 _ 3 _ 4","marginal_disjunction_conjunction","4 _ 1 _ 2 _ 3","1 _ 2 _ 4 _ 3","1 _ 2 _ 4 _ 3","marginal_conjunction_disjunction",6,85
"9","full"," _  _  _ "," _  _  _ "," _  _  _ ","-","2 _ 3 _ 1 _ 4","1 _ 2 _ 3 _ 4","2 _ 3 _ 1 _ 4","disjunction_marginal_conjunction","4 _ 2 _ 1 _ 3","1 _ 2 _ 3 _ 4","2 _ 4 _ 3 _ 1","disjunction_marginal_conjunction"," _  _  _ "," _  _  _ "," _  _  _ ","-","1 _ 4 _ 2 _ 3","1 _ 3 _ 2 _ 4","1 _ 2 _ 3 _ 4","disjunction_marginal_conjunction"," _  _  _ "," _  _  _ "," _  _  _ ","-"," _  _  _ "," _  _  _ "," _  _  _ ","-","4 _ 2 _ 1 _ 3","2 _ 3 _ 1 _ 4","2 _ 3 _ 4 _ 1","disjunction_conjunction_marginal",1,29
"10","full","1 _ 4 _ 2 _ 3","2 _ 1 _ 3 _ 4","1 _ 2 _ 3 _ 4","conjunction_marginal_disjunction"," _  _  _ "," _  _  _ "," _  _  _ ","-","4 _ 1 _ 3 _ 2","4 _ 3 _ 2 _ 1","4 _ 3 _ 2 _ 1","conjunction_marginal_disjunction"," _  _  _ "," _  _  _ "," _  _  _ ","-"," _  _  _ "," _  _  _ "," _  _  _ ","-","3 _ 1 _ 4 _ 2","4 _ 2 _ 3 _ 1","3 _ 2 _ 4 _ 1","disjunction_conjunction_marginal","1 _ 4 _ 2 _ 3","1 _ 2 _ 3 _ 4","1 _ 3 _ 2 _ 4","marginal_conjunction_disjunction"," _  _  _ "," _  _  _ "," _  _  _ ","-",7,6
"11","full"," _  _  _ "," _  _  _ "," _  _  _ ","-"," _  _  _ "," _  _  _ "," _  _  _ ","-","3 _ 2 _ 4 _ 1","3 _ 4 _ 1 _ 2","3 _ 1 _ 4 _ 2","disjunction_conjunction_marginal","4 _ 1 _ 2 _ 3","4 _ 1 _ 2 _ 3","2 _ 3 _ 4 _ 1","marginal_conjunction_disjunction","2 _ 4 _ 1 _ 3","1 _ 4 _ 2 _ 3","3 _ 4 _ 1 _ 2","conjunction_marginal_disjunction"," _  _  _ "," _  _  _ "," _  _  _ ","-"," _  _  _ "," _  _  _ "," _  _  _ ","-","1 _ 3 _ 4 _ 2","4 _ 1 _ 2 _ 3","4 _ 2 _ 1 _ 3","marginal_disjunction_conjunction",1,13
"12","pair","3 _ 2 _ 1 _ 4","4 _ 3 _ 1 _ 2","2 _ 4 _ 3 _ 1","marginal_conjunction_disjunction","3 _ 2 _ 4 _ 1","3 _ 2 _ 4 _ 1","4 _ 2 _ 3 _ 1","marginal_disjunction_conjunction","NA _ NA _ NA _ NA"," _  _  _ "," _  _  _ ","-","NA _ NA _ NA _ NA"," _  _  _ "," _  _  _ ","-","NA _ NA _ NA _ NA"," _  _  _ "," _  _  _ ","-","4 _ 1 _ 3 _ 2","4 _ 3 _ 2 _ 1","4 _ 2 _ 3 _ 1","marginal_disjunction_conjunction","1 _ 4 _ 2 _ 3","1 _ 2 _ 4 _ 3","1 _ 3 _ 2 _ 4","conjunction_disjunction_marginal","NA _ NA _ NA _ NA"," _  _  _ "," _  _  _ ","-",4,87
"13","pair","3 _ 2 _ 3 _ 2","4 _ 2 _ 3 _ 1","1 _ 2 _ 3 _ 4","conjunction_disjunction_marginal","2 _ 3 _ 4 _ 1","3 _ 2 _ 4 _ 1","2 _ 3 _ 4 _ 1","conjunction_disjunction_marginal","NA _ NA _ NA _ NA"," _  _  _ "," _  _  _ ","-","NA _ NA _ NA _ NA"," _  _  _ "," _  _  _ ","-","NA _ NA _ NA _ NA"," _  _  _ "," _  _  _ ","-","NA _ NA _ NA _ NA"," _  _  _ "," _  _  _ ","-","2 _ 3 _ 1 _ 4","2 _ 1 _ 4 _ 3","4 _ 3 _ 1 _ 2","conjunction_disjunction_marginal","1 _ 4 _ 3 _ 2","2 _ 1 _ 3 _ 4","2 _ 1 _ 3 _ 4","disjunction_marginal_conjunction",4,98
"14","full"," _  _  _ "," _  _  _ "," _  _  _ ","-","1 _ 3 _ 4 _ 2","3 _ 1 _ 4 _ 2","2 _ 1 _ 4 _ 3","marginal_disjunction_conjunction","4 _ 1 _ 3 _ 2","4 _ 3 _ 2 _ 1","4 _ 2 _ 3 _ 1","disjunction_marginal_conjunction"," _  _  _ "," _  _  _ "," _  _  _ ","-"," _  _  _ "," _  _  _ "," _  _  _ ","-","4 _ 1 _ 3 _ 2","4 _ 3 _ 2 _ 1","4 _ 3 _ 2 _ 1","conjunction_marginal_disjunction"," _  _  _ "," _  _  _ "," _  _  _ ","-","2 _ 3 _ 1 _ 4","1 _ 3 _ 2 _ 4","1 _ 3 _ 2 _ 4","disjunction_marginal_conjunction",6,1
"15","pair","1 _ 4 _ 3 _ 2","4 _ 1 _ 2 _ 3","4 _ 1 _ 3 _ 2","disjunction_conjunction_marginal","1 _ 4 _ 3 _ 2","4 _ 1 _ 3 _ 2","3 _ 1 _ 4 _ 2","disjunction_conjunction_marginal","NA _ NA _ NA _ NA"," _  _  _ "," _  _  _ ","-","NA _ NA _ NA _ NA"," _  _  _ "," _  _  _ ","-","3 _ 2 _ 4 _ 1","4 _ 3 _ 2 _ 1","3 _ 4 _ 2 _ 1","marginal_disjunction_conjunction","3 _ 2 _ 4 _ 1","4 _ 3 _ 2 _ 1","4 _ 3 _ 2 _ 1","disjunction_marginal_conjunction","NA _ NA _ NA _ NA"," _  _  _ "," _  _  _ ","-","NA _ NA _ NA _ NA"," _  _  _ "," _  _  _ ","-",3,96
"16","pair","NA _ NA _ NA _ NA"," _  _  _ "," _  _  _ ","-","NA _ NA _ NA _ NA"," _  _  _ "," _  _  _ ","-","3 _ 2 _ 1 _ 4","4 _ 3 _ 2 _ 1","2 _ 3 _ 1 _ 4","marginal_conjunction_disjunction","1 _ 4 _ 3 _ 2","4 _ 1 _ 2 _ 3","2 _ 1 _ 4 _ 3","conjunction_marginal_disjunction","4 _ 1 _ 3 _ 2","4 _ 3 _ 2 _ 1","3 _ 2 _ 4 _ 1","disjunction_conjunction_marginal","4 _ 1 _ 2 _ 3","4 _ 2 _ 3 _ 1","4 _ 2 _ 3 _ 1","conjunction_marginal_disjunction","NA _ NA _ NA _ NA"," _  _  _ "," _  _  _ ","-","NA _ NA _ NA _ NA"," _  _  _ "," _  _  _ ","-",3,3
"17","full","1 _ 2 _ 4 _ 3","1 _ 3 _ 4 _ 2","4 _ 2 _ 3 _ 1","disjunction_conjunction_marginal"," _  _  _ "," _  _  _ "," _  _  _ ","-"," _  _  _ "," _  _  _ "," _  _  _ ","-","1 _ 3 _ 4 _ 2","3 _ 1 _ 4 _ 2","1 _ 2 _ 4 _ 3","disjunction_marginal_conjunction"," _  _  _ "," _  _  _ "," _  _  _ ","-"," _  _  _ "," _  _  _ "," _  _  _ ","-","3 _ 2 _ 4 _ 1","3 _ 4 _ 2 _ 1","4 _ 3 _ 1 _ 2","disjunction_marginal_conjunction","4 _ 1 _ 2 _ 3","2 _ 3 _ 1 _ 4","2 _ 3 _ 1 _ 4","marginal_disjunction_conjunction",3,95
"18","pair","1 _ 4 _ 3 _ 2","1 _ 2 _ 3 _ 4","1 _ 3 _ 2 _ 4","marginal_disjunction_conjunction","2 _ 3 _ 4 _ 1","4 _ 1 _ 3 _ 2","4 _ 1 _ 3 _ 2","disjunction_marginal_conjunction","NA _ NA _ NA _ NA"," _  _  _ "," _  _  _ ","-","NA _ NA _ NA _ NA"," _  _  _ "," _  _  _ ","-","1 _ 4 _ 3 _ 2","2 _ 1 _ 4 _ 3","2 _ 1 _ 4 _ 3","marginal_conjunction_disjunction","NA _ NA _ NA _ NA"," _  _  _ "," _  _  _ ","-","2 _ 3 _ 4 _ 1","1 _ 2 _ 4 _ 3","2 _ 1 _ 4 _ 3","marginal_conjunction_disjunction","NA _ NA _ NA _ NA"," _  _  _ "," _  _  _ ","-",3,24
"19","full","1 _ 4 _ 2 _ 3","1 _ 2 _ 3 _ 4","1 _ 3 _ 2 _ 4","disjunction_marginal_conjunction"," _  _  _ "," _  _  _ "," _  _  _ ","-"," _  _  _ "," _  _  _ "," _  _  _ ","-","1 _ 2 _ 3 _ 4","2 _ 1 _ 4 _ 3","2 _ 3 _ 4 _ 1","disjunction_conjunction_marginal"," _  _  _ "," _  _  _ "," _  _  _ ","-","3 _ 1 _ 2 _ 4","4 _ 2 _ 3 _ 1","4 _ 3 _ 2 _ 1","conjunction_disjunction_marginal","1 _ 4 _ 3 _ 2","1 _ 2 _ 4 _ 3","2 _ 1 _ 4 _ 3","marginal_disjunction_conjunction"," _  _  _ "," _  _  _ "," _  _  _ ","-",2,40
"20","full","1 _ 4 _ 2 _ 3","1 _ 2 _ 3 _ 4","1 _ 2 _ 3 _ 4","marginal_disjunction_conjunction","1 _ 4 _ 2 _ 3","1 _ 2 _ 3 _ 4","1 _ 2 _ 3 _ 4","conjunction_marginal_disjunction"," _  _  _ "," _  _  _ "," _  _  _ ","-"," _  _  _ "," _  _  _ "," _  _  _ ","-"," _  _  _ "," _  _  _ "," _  _  _ ","-","1 _ 4 _ 2 _ 3","1 _ 2 _ 4 _ 3","1 _ 4 _ 2 _ 3","marginal_disjunction_conjunction","3 _ 2 _ 4 _ 1","4 _ 1 _ 3 _ 2","3 _ 2 _ 4 _ 1","disjunction_conjunction_marginal"," _  _  _ "," _  _  _ "," _  _  _ ","-",4,89
"21","pair","2 _ 3 _ 1 _ 4","1 _ 3 _ 2 _ 4","1 _ 3 _ 2 _ 4","conjunction_disjunction_marginal","NA _ NA _ NA _ NA"," _  _  _ "," _  _  _ ","-","3 _ 2 _ 4 _ 1","3 _ 1 _ 4 _ 2","4 _ 2 _ 3 _ 1","conjunction_marginal_disjunction","NA _ NA _ NA _ NA"," _  _  _ "," _  _  _ ","-","3 _ 2 _ 4 _ 1","3 _ 1 _ 4 _ 2","3 _ 1 _ 4 _ 2","conjunction_disjunction_marginal","NA _ NA _ NA _ NA"," _  _  _ "," _  _  _ ","-","NA _ NA _ NA _ NA"," _  _  _ "," _  _  _ ","-","1 _ 4 _ 2 _ 3","1 _ 2 _ 3 _ 4","2 _ 1 _ 3 _ 4","marginal_disjunction_conjunction",6,56
"22","pair","NA _ NA _ NA _ NA"," _  _  _ "," _  _  _ ","-","NA _ NA _ NA _ NA"," _  _  _ "," _  _  _ ","-","4 _ 1 _ 3 _ 2","4 _ 1 _ 3 _ 2","4 _ 3 _ 2 _ 1","conjunction_marginal_disjunction","2 _ 3 _ 4 _ 1","2 _ 1 _ 4 _ 3","3 _ 1 _ 4 _ 2","conjunction_marginal_disjunction","NA _ NA _ NA _ NA"," _  _  _ "," _  _  _ ","-","4 _ 1 _ 3 _ 2","4 _ 2 _ 3 _ 1","4 _ 3 _ 2 _ 1","marginal_disjunction_conjunction","1 _ 4 _ 3 _ 2","2 _ 1 _ 4 _ 3","2 _ 1 _ 4 _ 3","disjunction_conjunction_marginal","NA _ NA _ NA _ NA"," _  _  _ "," _  _  _ ","-",5,64
"23","full"," _  _  _ "," _  _  _ "," _  _  _ ","-","1 _ 3 _ 2 _ 4","1 _ 4 _ 2 _ 3","1 _ 2 _ 3 _ 4","conjunction_disjunction_marginal"," _  _  _ "," _  _  _ "," _  _  _ ","-","1 _ 3 _ 2 _ 4","1 _ 3 _ 2 _ 4","3 _ 1 _ 2 _ 4","disjunction_marginal_conjunction","2 _ 4 _ 1 _ 3","1 _ 4 _ 2 _ 3","3 _ 2 _ 4 _ 1","marginal_disjunction_conjunction"," _  _  _ "," _  _  _ "," _  _  _ ","-"," _  _  _ "," _  _  _ "," _  _  _ ","-","1 _ 4 _ 3 _ 2","2 _ 4 _ 3 _ 1","2 _ 4 _ 3 _ 1","conjunction_disjunction_marginal",3,97
"24","full"," _  _  _ "," _  _  _ "," _  _  _ ","-","1 _ 3 _ 4 _ 2","4 _ 1 _ 2 _ 3","2 _ 1 _ 4 _ 3","disjunction_conjunction_marginal","3 _ 1 _ 2 _ 4","4 _ 2 _ 3 _ 1","3 _ 4 _ 2 _ 1","marginal_conjunction_disjunction"," _  _  _ "," _  _  _ "," _  _  _ ","-"," _  _  _ "," _  _  _ "," _  _  _ ","-","4 _ 1 _ 3 _ 2","3 _ 4 _ 1 _ 2","2 _ 4 _ 1 _ 3","conjunction_marginal_disjunction"," _  _  _ "," _  _  _ "," _  _  _ ","-","1 _ 4 _ 2 _ 3","1 _ 4 _ 2 _ 3","1 _ 3 _ 2 _ 4","disjunction_marginal_conjunction",5,21
"25","full"," _  _  _ "," _  _  _ "," _  _  _ ","-","4 _ 2 _ 1 _ 3","2 _ 4 _ 1 _ 3","2 _ 4 _ 1 _ 3","marginal_disjunction_conjunction","1 _ 4 _ 2 _ 3","1 _ 2 _ 3 _ 4","1 _ 3 _ 2 _ 4","marginal_disjunction_conjunction"," _  _  _ "," _  _  _ "," _  _  _ ","-","1 _ 4 _ 3 _ 2","4 _ 2 _ 1 _ 3","2 _ 1 _ 3 _ 4","conjunction_disjunction_marginal"," _  _  _ "," _  _  _ "," _  _  _ ","-","4 _ 2 _ 1 _ 3","4 _ 2 _ 1 _ 3","4 _ 3 _ 1 _ 2","marginal_conjunction_disjunction"," _  _  _ "," _  _  _ "," _  _  _ ","-",3,28
"26","full"," _  _  _ "," _  _  _ "," _  _  _ ","-","2 _ 3 _ 1 _ 4","1 _ 3 _ 2 _ 4","1 _ 3 _ 2 _ 4","conjunction_disjunction_marginal","2 _ 3 _ 1 _ 4","1 _ 3 _ 2 _ 4","1 _ 3 _ 2 _ 4","disjunction_marginal_conjunction"," _  _  _ "," _  _  _ "," _  _  _ ","-"," _  _  _ "," _  _  _ "," _  _  _ ","-","3 _ 2 _ 4 _ 1","4 _ 2 _ 3 _ 1","2 _ 3 _ 4 _ 1","conjunction_disjunction_marginal","3 _ 1 _ 4 _ 2","4 _ 1 _ 2 _ 3","1 _ 4 _ 3 _ 2","disjunction_conjunction_marginal"," _  _  _ "," _  _  _ "," _  _  _ ","-",2,88
"27","pair","NA _ NA _ NA _ NA"," _  _  _ "," _  _  _ ","-","2 _ 3 _ 4 _ 1","2 _ 1 _ 3 _ 4","3 _ 1 _ 4 _ 2","conjunction_marginal_disjunction","4 _ 1 _ 2 _ 3","2 _ 3 _ 1 _ 4","4 _ 1 _ 2 _ 3","conjunction_marginal_disjunction","NA _ NA _ NA _ NA"," _  _  _ "," _  _  _ ","-","NA _ NA _ NA _ NA"," _  _  _ "," _  _  _ ","-","4 _ 1 _ 3 _ 2","4 _ 2 _ 3 _ 1","2 _ 4 _ 3 _ 1","conjunction_disjunction_marginal","NA _ NA _ NA _ NA"," _  _  _ "," _  _  _ ","-","1 _ 4 _ 3 _ 2","1 _ 3 _ 4 _ 2","2 _ 1 _ 3 _ 4","conjunction_disjunction_marginal",1,34
"28","full","2 _ 4 _ 1 _ 3","1 _ 3 _ 2 _ 4","1 _ 3 _ 2 _ 4","conjunction_disjunction_marginal"," _  _  _ "," _  _  _ "," _  _  _ ","-"," _  _  _ "," _  _  _ "," _  _  _ ","-","1 _ 4 _ 3 _ 2","2 _ 1 _ 4 _ 3","2 _ 1 _ 4 _ 3","marginal_disjunction_conjunction","3 _ 2 _ 4 _ 1","2 _ 3 _ 4 _ 1","4 _ 2 _ 3 _ 1","disjunction_conjunction_marginal"," _  _  _ "," _  _  _ "," _  _  _ ","-"," _  _  _ "," _  _  _ "," _  _  _ ","-","1 _ 4 _ 2 _ 3","1 _ 2 _ 4 _ 3","2 _ 1 _ 3 _ 4","disjunction_conjunction_marginal",4,2
"29","pair","NA _ NA _ NA _ NA"," _  _  _ "," _  _  _ ","-","1 _ 4 _ 3 _ 2","4 _ 2 _ 3 _ 1","2 _ 3 _ 4 _ 1","disjunction_marginal_conjunction","4 _ 1 _ 3 _ 2","4 _ 1 _ 2 _ 3","4 _ 1 _ 2 _ 3","disjunction_marginal_conjunction","NA _ NA _ NA _ NA"," _  _  _ "," _  _  _ ","-","1 _ 4 _ 3 _ 2","2 _ 1 _ 4 _ 3","2 _ 1 _ 3 _ 4","marginal_disjunction_conjunction","NA _ NA _ NA _ NA"," _  _  _ "," _  _  _ ","-","2 _ 3 _ 1 _ 4","1 _ 2 _ 3 _ 4","1 _ 2 _ 3 _ 4","marginal_disjunction_conjunction","NA _ NA _ NA _ NA"," _  _  _ "," _  _  _ ","-",4,59
"30","full"," _  _  _ "," _  _  _ "," _  _  _ ","-","1 _ 2 _ 4 _ 3","3 _ 1 _ 4 _ 2","3 _ 1 _ 4 _ 2","marginal_disjunction_conjunction","4 _ 1 _ 3 _ 2","4 _ 3 _ 2 _ 1","4 _ 3 _ 2 _ 1","disjunction_marginal_conjunction"," _  _  _ "," _  _  _ "," _  _  _ ","-","4 _ 1 _ 2 _ 3","3 _ 4 _ 1 _ 2","2 _ 4 _ 1 _ 3","conjunction_disjunction_marginal"," _  _  _ "," _  _  _ "," _  _  _ ","-"," _  _  _ "," _  _  _ "," _  _  _ ","-","2 _ 3 _ 1 _ 4","1 _ 3 _ 2 _ 4","1 _ 3 _ 2 _ 4","marginal_disjunction_conjunction",6,84
"31","full","2 _ 3 _ 1 _ 4","1 _ 4 _ 2 _ 3","1 _ 3 _ 2 _ 4","marginal_conjunction_disjunction"," _  _  _ "," _  _  _ "," _  _  _ ","-"," _  _  _ "," _  _  _ "," _  _  _ ","-","1 _ 3 _ 4 _ 2","3 _ 2 _ 4 _ 1","3 _ 1 _ 4 _ 2","disjunction_conjunction_marginal"," _  _  _ "," _  _  _ "," _  _  _ ","-","4 _ 1 _ 3 _ 2","4 _ 3 _ 2 _ 1","4 _ 2 _ 3 _ 1","marginal_conjunction_disjunction","4 _ 2 _ 3 _ 1","3 _ 4 _ 2 _ 1","4 _ 3 _ 2 _ 1","conjunction_marginal_disjunction"," _  _  _ "," _  _  _ "," _  _  _ ","-",5,61
"32","full","3 _ 4 _ 1 _ 2","1 _ 4 _ 2 _ 3","2 _ 4 _ 3 _ 1","marginal_disjunction_conjunction"," _  _  _ "," _  _  _ "," _  _  _ ","-","4 _ 1 _ 3 _ 2","2 _ 4 _ 3 _ 1","2 _ 4 _ 3 _ 1","disjunction_conjunction_marginal"," _  _  _ "," _  _  _ "," _  _  _ ","-"," _  _  _ "," _  _  _ "," _  _  _ ","-","2 _ 3 _ 4 _ 1","4 _ 2 _ 3 _ 1","4 _ 2 _ 3 _ 1","conjunction_marginal_disjunction","1 _ 3 _ 4 _ 2","2 _ 1 _ 3 _ 4","2 _ 1 _ 4 _ 3","conjunction_marginal_disjunction"," _  _  _ "," _  _  _ "," _  _  _ ","-",5,32
"33","full"," _  _  _ "," _  _  _ "," _  _  _ ","-"," _  _  _ "," _  _  _ "," _  _  _ ","-","4 _ 1 _ 3 _ 2","4 _ 3 _ 2 _ 1","4 _ 2 _ 3 _ 1","conjunction_marginal_disjunction","1 _ 3 _ 2 _ 4","2 _ 1 _ 4 _ 3","2 _ 1 _ 4 _ 3","conjunction_marginal_disjunction","4 _ 2 _ 3 _ 1","4 _ 2 _ 3 _ 1","4 _ 2 _ 3 _ 1","marginal_disjunction_conjunction"," _  _  _ "," _  _  _ "," _  _  _ ","-"," _  _  _ "," _  _  _ "," _  _  _ ","-","1 _ 4 _ 2 _ 3","1 _ 2 _ 3 _ 4","1 _ 2 _ 3 _ 4","conjunction_marginal_disjunction",6,99
"34","pair","NA _ NA _ NA _ NA"," _  _  _ "," _  _  _ ","-","1 _ 4 _ 3 _ 2","2 _ 4 _ 1 _ 3","2 _ 4 _ 1 _ 3","disjunction_marginal_conjunction","NA _ NA _ NA _ NA"," _  _  _ "," _  _  _ ","-","1 _ 4 _ 3 _ 2","4 _ 1 _ 2 _ 3","1 _ 3 _ 2 _ 4","conjunction_marginal_disjunction","4 _ 1 _ 3 _ 2","2 _ 1 _ 3 _ 4","3 _ 2 _ 1 _ 4","conjunction_disjunction_marginal","NA _ NA _ NA _ NA"," _  _  _ "," _  _  _ ","-","NA _ NA _ NA _ NA"," _  _  _ "," _  _  _ ","-","1 _ 4 _ 2 _ 3","4 _ 3 _ 2 _ 1","1 _ 3 _ 4 _ 2","disjunction_marginal_conjunction",6,57
"35","pair","NA _ NA _ NA _ NA"," _  _  _ "," _  _  _ ","-","1 _ 4 _ 2 _ 3","4 _ 2 _ 1 _ 3","4 _ 1 _ 2 _ 3","conjunction_marginal_disjunction","NA _ NA _ NA _ NA"," _  _  _ "," _  _  _ ","-","4 _ 1 _ 2 _ 3","2 _ 1 _ 4 _ 3","4 _ 1 _ 2 _ 3","marginal_conjunction_disjunction","3 _ 2 _ 4 _ 1","2 _ 4 _ 1 _ 3","2 _ 3 _ 1 _ 4","disjunction_conjunction_marginal","NA _ NA _ NA _ NA"," _  _  _ "," _  _  _ ","-","NA _ NA _ NA _ NA"," _  _  _ "," _  _  _ ","-","1 _ 4 _ 2 _ 3","1 _ 4 _ 2 _ 3","4 _ 2 _ 3 _ 1","disjunction_conjunction_marginal",3,7
"36","pair","NA _ NA _ NA _ NA"," _  _  _ "," _  _  _ ","-","NA _ NA _ NA _ NA"," _  _  _ "," _  _  _ ","-","3 _ 2 _ 1 _ 4","1 _ 3 _ 2 _ 4","2 _ 1 _ 4 _ 3","marginal_disjunction_conjunction","1 _ 4 _ 3 _ 2","2 _ 1 _ 4 _ 3","2 _ 1 _ 4 _ 3","marginal_disjunction_conjunction","2 _ 3 _ 4 _ 1","3 _ 1 _ 2 _ 4","3 _ 1 _ 4 _ 2","marginal_conjunction_disjunction","3 _ 2 _ 4 _ 1","4 _ 3 _ 2 _ 1","4 _ 3 _ 2 _ 1","conjunction_marginal_disjunction","NA _ NA _ NA _ NA"," _  _  _ "," _  _  _ ","-","NA _ NA _ NA _ NA"," _  _  _ "," _  _  _ ","-",5,41
"37","pair","2 _ 3 _ 1 _ 4","1 _ 2 _ 3 _ 4","1 _ 3 _ 2 _ 4","marginal_disjunction_conjunction","3 _ 2 _ 4 _ 1","4 _ 2 _ 3 _ 1","4 _ 3 _ 1 _ 2","marginal_disjunction_conjunction","NA _ NA _ NA _ NA"," _  _  _ "," _  _  _ ","-","NA _ NA _ NA _ NA"," _  _  _ "," _  _  _ ","-","NA _ NA _ NA _ NA"," _  _  _ "," _  _  _ ","-","4 _ 1 _ 3 _ 2","4 _ 2 _ 3 _ 1","4 _ 3 _ 2 _ 1","conjunction_marginal_disjunction","4 _ 1 _ 3 _ 2","4 _ 2 _ 3 _ 1","4 _ 2 _ 3 _ 1","disjunction_marginal_conjunction","NA _ NA _ NA _ NA"," _  _  _ "," _  _  _ ","-",4,74
"38","pair","2 _ 3 _ 1 _ 4","1 _ 2 _ 3 _ 4","1 _ 3 _ 2 _ 4","marginal_conjunction_disjunction","NA _ NA _ NA _ NA"," _  _  _ "," _  _  _ ","-","NA _ NA _ NA _ NA"," _  _  _ "," _  _  _ ","-","1 _ 4 _ 3 _ 2","2 _ 1 _ 4 _ 3","3 _ 1 _ 4 _ 2","disjunction_conjunction_marginal","NA _ NA _ NA _ NA"," _  _  _ "," _  _  _ ","-","4 _ 1 _ 3 _ 2","4 _ 2 _ 3 _ 1","4 _ 2 _ 3 _ 1","conjunction_disjunction_marginal","NA _ NA _ NA _ NA"," _  _  _ "," _  _  _ ","-","2 _ 3 _ 1 _ 4","1 _ 3 _ 2 _ 4","1 _ 3 _ 2 _ 4","disjunction_conjunction_marginal",4,49
"39","pair","NA _ NA _ NA _ NA"," _  _  _ "," _  _  _ ","-","NA _ NA _ NA _ NA"," _  _  _ "," _  _  _ ","-","3 _ 2 _ 4 _ 1","2 _ 1 _ 4 _ 3","3 _ 4 _ 2 _ 1","marginal_conjunction_disjunction","1 _ 4 _ 3 _ 2","4 _ 1 _ 2 _ 3","4 _ 1 _ 3 _ 2","marginal_conjunction_disjunction","NA _ NA _ NA _ NA"," _  _  _ "," _  _  _ ","-","NA _ NA _ NA _ NA"," _  _  _ "," _  _  _ ","-","1 _ 4 _ 3 _ 2","3 _ 2 _ 4 _ 1","4 _ 2 _ 3 _ 1","disjunction_conjunction_marginal","1 _ 4 _ 3 _ 2","2 _ 1 _ 3 _ 4","4 _ 1 _ 3 _ 2","conjunction_disjunction_marginal",4,63
"40","pair","1 _ 4 _ 2 _ 3","2 _ 1 _ 4 _ 3","1 _ 2 _ 4 _ 3","marginal_disjunction_conjunction","1 _ 4 _ 3 _ 2","2 _ 1 _ 4 _ 3","2 _ 1 _ 4 _ 3","conjunction_marginal_disjunction","NA _ NA _ NA _ NA"," _  _  _ "," _  _  _ ","-","NA _ NA _ NA _ NA"," _  _  _ "," _  _  _ ","-","NA _ NA _ NA _ NA"," _  _  _ "," _  _  _ ","-","4 _ 1 _ 3 _ 2","3 _ 2 _ 4 _ 1","3 _ 2 _ 4 _ 1","conjunction_disjunction_marginal","2 _ 3 _ 4 _ 1","4 _ 2 _ 3 _ 1","4 _ 2 _ 3 _ 1","marginal_conjunction_disjunction","NA _ NA _ NA _ NA"," _  _  _ "," _  _  _ ","-",5,37
"41","pair","NA _ NA _ NA _ NA"," _  _  _ "," _  _  _ ","-","NA _ NA _ NA _ NA"," _  _  _ "," _  _  _ ","-","3 _ 2 _ 4 _ 1","2 _ 1 _ 3 _ 4","2 _ 3 _ 4 _ 1","conjunction_disjunction_marginal","1 _ 4 _ 3 _ 2","3 _ 1 _ 2 _ 4","1 _ 2 _ 4 _ 3","disjunction_conjunction_marginal","NA _ NA _ NA _ NA"," _  _  _ "," _  _  _ ","-","4 _ 1 _ 3 _ 2","4 _ 2 _ 3 _ 1","3 _ 2 _ 4 _ 1","disjunction_marginal_conjunction","1 _ 4 _ 3 _ 2","4 _ 1 _ 3 _ 2","3 _ 1 _ 4 _ 2","disjunction_marginal_conjunction","NA _ NA _ NA _ NA"," _  _  _ "," _  _  _ ","-",7,5
"42","pair","1 _ 4 _ 2 _ 3","1 _ 2 _ 3 _ 4","1 _ 2 _ 3 _ 4","marginal_disjunction_conjunction","2 _ 3 _ 1 _ 4","2 _ 1 _ 3 _ 4","1 _ 2 _ 3 _ 4","marginal_disjunction_conjunction","NA _ NA _ NA _ NA"," _  _  _ "," _  _  _ ","-","NA _ NA _ NA _ NA"," _  _  _ "," _  _  _ ","-","NA _ NA _ NA _ NA"," _  _  _ "," _  _  _ ","-","3 _ 2 _ 4 _ 1","4 _ 3 _ 2 _ 1","4 _ 3 _ 2 _ 1","marginal_conjunction_disjunction","1 _ 4 _ 3 _ 2","2 _ 1 _ 3 _ 4","2 _ 1 _ 4 _ 3","conjunction_marginal_disjunction","NA _ NA _ NA _ NA"," _  _  _ "," _  _  _ ","-",1,8
"43","pair","NA _ NA _ NA _ NA"," _  _  _ "," _  _  _ ","-","2 _ 3 _ 4 _ 1","2 _ 4 _ 1 _ 3","2 _ 3 _ 1 _ 4","disjunction_marginal_conjunction","4 _ 1 _ 3 _ 2","1 _ 4 _ 2 _ 3","1 _ 2 _ 3 _ 4","marginal_conjunction_disjunction","NA _ NA _ NA _ NA"," _  _  _ "," _  _  _ ","-","NA _ NA _ NA _ NA"," _  _  _ "," _  _  _ ","-","3 _ 2 _ 4 _ 1","1 _ 2 _ 3 _ 4","2 _ 1 _ 3 _ 4","conjunction_marginal_disjunction","NA _ NA _ NA _ NA"," _  _  _ "," _  _  _ ","-","2 _ 3 _ 1 _ 4","2 _ 4 _ 1 _ 3","4 _ 3 _ 2 _ 1","conjunction_marginal_disjunction",5,31
"44","pair","1 _ 4 _ 2 _ 3","4 _ 2 _ 3 _ 1","4 _ 3 _ 2 _ 1","marginal_conjunction_disjunction","1 _ 4 _ 3 _ 2","2 _ 3 _ 4 _ 1","4 _ 3 _ 2 _ 1","disjunction_conjunction_marginal","NA _ NA _ NA _ NA"," _  _  _ "," _  _  _ ","-","NA _ NA _ NA _ NA"," _  _  _ "," _  _  _ ","-","NA _ NA _ NA _ NA"," _  _  _ "," _  _  _ ","-","3 _ 2 _ 1 _ 4","1 _ 2 _ 3 _ 4","1 _ 2 _ 4 _ 3","conjunction_marginal_disjunction","1 _ 4 _ 3 _ 2","3 _ 1 _ 2 _ 4","4 _ 3 _ 2 _ 1","disjunction_conjunction_marginal","NA _ NA _ NA _ NA"," _  _  _ "," _  _  _ ","-",2,39
"45","full","1 _ 3 _ 2 _ 4","1 _ 4 _ 2 _ 3","1 _ 4 _ 3 _ 2","conjunction_marginal_disjunction","2 _ 4 _ 1 _ 3","2 _ 1 _ 3 _ 4","2 _ 4 _ 1 _ 3","marginal_conjunction_disjunction"," _  _  _ "," _  _  _ "," _  _  _ ","-"," _  _  _ "," _  _  _ "," _  _  _ ","-"," _  _  _ "," _  _  _ "," _  _  _ ","-","4 _ 2 _ 1 _ 3","2 _ 4 _ 1 _ 3","2 _ 3 _ 1 _ 4","disjunction_conjunction_marginal","4 _ 2 _ 3 _ 1","4 _ 3 _ 2 _ 1","4 _ 3 _ 2 _ 1","conjunction_disjunction_marginal"," _  _  _ "," _  _  _ "," _  _  _ ","-",2,30
"46","full","2 _ 3 _ 1 _ 4","1 _ 3 _ 2 _ 4","1 _ 3 _ 2 _ 4","marginal_disjunction_conjunction"," _  _  _ "," _  _  _ "," _  _  _ ","-"," _  _  _ "," _  _  _ "," _  _  _ ","-","2 _ 3 _ 4 _ 1","3 _ 1 _ 4 _ 2","3 _ 1 _ 4 _ 2","disjunction_marginal_conjunction"," _  _  _ "," _  _  _ "," _  _  _ ","-","4 _ 1 _ 2 _ 3","4 _ 3 _ 2 _ 1","3 _ 4 _ 2 _ 1","disjunction_marginal_conjunction"," _  _  _ "," _  _  _ "," _  _  _ ","-","2 _ 3 _ 1 _ 4","1 _ 2 _ 3 _ 4","1 _ 3 _ 2 _ 4","conjunction_disjunction_marginal",4,65
"47","full"," _  _  _ "," _  _  _ "," _  _  _ ","-","1 _ 4 _ 3 _ 2","3 _ 1 _ 4 _ 2","4 _ 1 _ 3 _ 2","marginal_disjunction_conjunction","2 _ 3 _ 1 _ 4","3 _ 4 _ 2 _ 1","1 _ 4 _ 3 _ 2","conjunction_marginal_disjunction"," _  _  _ "," _  _  _ "," _  _  _ ","-","3 _ 4 _ 2 _ 1","3 _ 1 _ 4 _ 2","3 _ 2 _ 4 _ 1","marginal_conjunction_disjunction"," _  _  _ "," _  _  _ "," _  _  _ ","-"," _  _  _ "," _  _  _ "," _  _  _ ","-","2 _ 1 _ 4 _ 3","4 _ 1 _ 3 _ 2","4 _ 2 _ 3 _ 1","conjunction_marginal_disjunction",4,80
"48","full"," _  _  _ "," _  _  _ "," _  _  _ ","-","1 _ 4 _ 2 _ 3","1 _ 3 _ 4 _ 2","1 _ 3 _ 4 _ 2","marginal_disjunction_conjunction","2 _ 4 _ 1 _ 3","1 _ 4 _ 3 _ 2","2 _ 3 _ 4 _ 1","marginal_conjunction_disjunction"," _  _  _ "," _  _  _ "," _  _  _ ","-"," _  _  _ "," _  _  _ "," _  _  _ ","-","4 _ 1 _ 3 _ 2","4 _ 2 _ 3 _ 1","4 _ 3 _ 2 _ 1","disjunction_marginal_conjunction","3 _ 2 _ 4 _ 1","4 _ 3 _ 2 _ 1","4 _ 2 _ 3 _ 1","disjunction_conjunction_marginal"," _  _  _ "," _  _  _ "," _  _  _ ","-",5,73
"49","full"," _  _  _ "," _  _  _ "," _  _  _ ","-"," _  _  _ "," _  _  _ "," _  _  _ ","-","4 _ 3 _ 2 _ 1","4 _ 3 _ 1 _ 2","4 _ 3 _ 2 _ 1","conjunction_marginal_disjunction","1 _ 3 _ 4 _ 2","2 _ 1 _ 3 _ 4","2 _ 1 _ 4 _ 3","disjunction_marginal_conjunction","4 _ 1 _ 2 _ 3","4 _ 3 _ 2 _ 1","3 _ 4 _ 1 _ 2","conjunction_marginal_disjunction","4 _ 1 _ 3 _ 2","4 _ 3 _ 2 _ 1","3 _ 4 _ 2 _ 1","conjunction_marginal_disjunction"," _  _  _ "," _  _  _ "," _  _  _ ","-"," _  _  _ "," _  _  _ "," _  _  _ ","-",3,52
"50","pair","2 _ 3 _ 4 _ 1","3 _ 1 _ 4 _ 2","3 _ 1 _ 4 _ 2","disjunction_conjunction_marginal","3 _ 2 _ 4 _ 1","3 _ 2 _ 4 _ 1","3 _ 2 _ 4 _ 1","marginal_conjunction_disjunction","NA _ NA _ NA _ NA"," _  _  _ "," _  _  _ ","-","NA _ NA _ NA _ NA"," _  _  _ "," _  _  _ ","-","NA _ NA _ NA _ NA"," _  _  _ "," _  _  _ ","-","NA _ NA _ NA _ NA"," _  _  _ "," _  _  _ ","-","2 _ 3 _ 4 _ 1","3 _ 1 _ 4 _ 2","2 _ 1 _ 4 _ 3","disjunction_conjunction_marginal","3 _ 2 _ 1 _ 4","3 _ 4 _ 1 _ 2","3 _ 4 _ 1 _ 2","disjunction_conjunction_marginal",6,90
"51","full","1 _ 4 _ 2 _ 3","1 _ 4 _ 3 _ 2","1 _ 3 _ 2 _ 4","conjunction_disjunction_marginal"," _  _  _ "," _  _  _ "," _  _  _ ","-"," _  _  _ "," _  _  _ "," _  _  _ ","-","1 _ 4 _ 3 _ 2","2 _ 1 _ 4 _ 3","4 _ 1 _ 3 _ 2","conjunction_disjunction_marginal","3 _ 1 _ 4 _ 2","2 _ 1 _ 4 _ 3","2 _ 1 _ 3 _ 4","disjunction_conjunction_marginal"," _  _  _ "," _  _  _ "," _  _  _ ","-","1 _ 4 _ 3 _ 2","2 _ 1 _ 3 _ 4","2 _ 1 _ 3 _ 4","disjunction_marginal_conjunction"," _  _  _ "," _  _  _ "," _  _  _ ","-",2,10
"52","pair","1 _ 4 _ 2 _ 3","1 _ 3 _ 2 _ 4","1 _ 3 _ 2 _ 4","disjunction_marginal_conjunction","NA _ NA _ NA _ NA"," _  _  _ "," _  _  _ ","-","4 _ 1 _ 3 _ 2","2 _ 1 _ 3 _ 4","4 _ 2 _ 3 _ 1","conjunction_marginal_disjunction","NA _ NA _ NA _ NA"," _  _  _ "," _  _  _ ","-","4 _ 1 _ 2 _ 3","1 _ 3 _ 2 _ 4","1 _ 4 _ 3 _ 2","marginal_conjunction_disjunction","NA _ NA _ NA _ NA"," _  _  _ "," _  _  _ ","-","NA _ NA _ NA _ NA"," _  _  _ "," _  _  _ ","-","3 _ 2 _ 1 _ 4","2 _ 3 _ 1 _ 4","2 _ 4 _ 1 _ 3","disjunction_conjunction_marginal",6,45
"53","pair","NA _ NA _ NA _ NA"," _  _  _ "," _  _  _ ","-","NA _ NA _ NA _ NA"," _  _  _ "," _  _  _ ","-","4 _ 1 _ 3 _ 2","1 _ 4 _ 3 _ 2","4 _ 2 _ 3 _ 1","conjunction_marginal_disjunction","1 _ 4 _ 2 _ 3","1 _ 2 _ 3 _ 4","2 _ 3 _ 1 _ 4","disjunction_conjunction_marginal","NA _ NA _ NA _ NA"," _  _  _ "," _  _  _ ","-","NA _ NA _ NA _ NA"," _  _  _ "," _  _  _ ","-","4 _ 1 _ 3 _ 2","4 _ 3 _ 2 _ 1","3 _ 2 _ 4 _ 1","marginal_conjunction_disjunction","2 _ 3 _ 1 _ 4","1 _ 3 _ 2 _ 4","1 _ 2 _ 3 _ 4","disjunction_conjunction_marginal",7,46
"54","pair","3 _ 2 _ 3 _ 2","4 _ 1 _ 3 _ 2","3 _ 2 _ 4 _ 1","marginal_disjunction_conjunction","NA _ NA _ NA _ NA"," _  _  _ "," _  _  _ ","-","NA _ NA _ NA _ NA"," _  _  _ "," _  _  _ ","-","1 _ 4 _ 3 _ 2","4 _ 2 _ 3 _ 1","2 _ 1 _ 3 _ 4","disjunction_marginal_conjunction","NA _ NA _ NA _ NA"," _  _  _ "," _  _  _ ","-","3 _ 2 _ 4 _ 1","4 _ 2 _ 3 _ 1","4 _ 2 _ 3 _ 1","marginal_disjunction_conjunction","NA _ NA _ NA _ NA"," _  _  _ "," _  _  _ ","-","1 _ 4 _ 2 _ 3","1 _ 2 _ 3 _ 4","1 _ 2 _ 3 _ 4","disjunction_marginal_conjunction",4,42
"55","full","1 _ 4 _ 3 _ 2","3 _ 2 _ 1 _ 4","3 _ 1 _ 4 _ 2","disjunction_conjunction_marginal"," _  _  _ "," _  _  _ "," _  _  _ ","-"," _  _  _ "," _  _  _ "," _  _  _ ","-","4 _ 2 _ 1 _ 3","1 _ 4 _ 2 _ 3","2 _ 4 _ 3 _ 1","marginal_disjunction_conjunction","4 _ 2 _ 3 _ 1","4 _ 3 _ 1 _ 2","3 _ 1 _ 2 _ 4","conjunction_marginal_disjunction"," _  _  _ "," _  _  _ "," _  _  _ ","-"," _  _  _ "," _  _  _ "," _  _  _ ","-","4 _ 2 _ 1 _ 3","2 _ 1 _ 4 _ 3","4 _ 3 _ 1 _ 2","disjunction_conjunction_marginal",4,51
"56","pair","NA _ NA _ NA _ NA"," _  _  _ "," _  _  _ ","-","NA _ NA _ NA _ NA"," _  _  _ "," _  _  _ ","-","4 _ 1 _ 3 _ 2","4 _ 1 _ 3 _ 2","4 _ 3 _ 2 _ 1","marginal_disjunction_conjunction","1 _ 4 _ 3 _ 2","1 _ 4 _ 2 _ 3","3 _ 1 _ 2 _ 4","conjunction_marginal_disjunction","4 _ 1 _ 3 _ 2","1 _ 3 _ 2 _ 4","4 _ 2 _ 3 _ 1","marginal_conjunction_disjunction","NA _ NA _ NA _ NA"," _  _  _ "," _  _  _ ","-","NA _ NA _ NA _ NA"," _  _  _ "," _  _  _ ","-","4 _ 1 _ 3 _ 2","4 _ 3 _ 2 _ 1","4 _ 2 _ 3 _ 1","disjunction_marginal_conjunction",6,50
"57","pair","2 _ 3 _ 1 _ 4","1 _ 3 _ 2 _ 4","1 _ 3 _ 2 _ 4","conjunction_disjunction_marginal","NA _ NA _ NA _ NA"," _  _  _ "," _  _  _ ","-","NA _ NA _ NA _ NA"," _  _  _ "," _  _  _ ","-","1 _ 4 _ 3 _ 2","3 _ 1 _ 4 _ 2","3 _ 1 _ 4 _ 2","marginal_conjunction_disjunction","4 _ 1 _ 3 _ 2","4 _ 3 _ 2 _ 1","4 _ 3 _ 2 _ 1","disjunction_conjunction_marginal","NA _ NA _ NA _ NA"," _  _  _ "," _  _  _ ","-","NA _ NA _ NA _ NA"," _  _  _ "," _  _  _ ","-","2 _ 3 _ 4 _ 1","2 _ 1 _ 4 _ 3","2 _ 1 _ 4 _ 3","marginal_conjunction_disjunction",5,58
"58","full"," _  _  _ "," _  _  _ "," _  _  _ ","-","1 _ 3 _ 2 _ 4","1 _ 2 _ 3 _ 4","1 _ 2 _ 3 _ 4","marginal_conjunction_disjunction","3 _ 1 _ 4 _ 2","4 _ 3 _ 2 _ 1","4 _ 3 _ 2 _ 1","disjunction_conjunction_marginal"," _  _  _ "," _  _  _ "," _  _  _ ","-","2 _ 3 _ 4 _ 1","3 _ 1 _ 4 _ 2","3 _ 1 _ 4 _ 2","disjunction_conjunction_marginal","4 _ 1 _ 3 _ 2","4 _ 3 _ 2 _ 1","4 _ 3 _ 2 _ 1","marginal_disjunction_conjunction"," _  _  _ "," _  _  _ "," _  _  _ ","-"," _  _  _ "," _  _  _ "," _  _  _ ","-",7,44
"59","full","1 _ 3 _ 2 _ 4","1 _ 3 _ 2 _ 4","1 _ 2 _ 4 _ 3","disjunction_conjunction_marginal"," _  _  _ "," _  _  _ "," _  _  _ ","-","1 _ 2 _ 3 _ 4","1 _ 4 _ 2 _ 3","1 _ 2 _ 4 _ 3","conjunction_disjunction_marginal"," _  _  _ "," _  _  _ "," _  _  _ ","-"," _  _  _ "," _  _  _ "," _  _  _ ","-"," _  _  _ "," _  _  _ "," _  _  _ ","-","4 _ 1 _ 2 _ 3","3 _ 4 _ 2 _ 1","3 _ 4 _ 2 _ 1","marginal_conjunction_disjunction","1 _ 4 _ 3 _ 2","4 _ 1 _ 3 _ 2","2 _ 4 _ 1 _ 3","conjunction_disjunction_marginal",2,76
"60","full"," _  _  _ "," _  _  _ "," _  _  _ ","-","1 _ 4 _ 2 _ 3","1 _ 2 _ 3 _ 4","1 _ 2 _ 3 _ 4","conjunction_marginal_disjunction","2 _ 3 _ 1 _ 4","1 _ 3 _ 2 _ 4","1 _ 3 _ 2 _ 4","conjunction_marginal_disjunction"," _  _  _ "," _  _  _ "," _  _  _ ","-"," _  _  _ "," _  _  _ "," _  _  _ ","-"," _  _  _ "," _  _  _ "," _  _  _ ","-","3 _ 2 _ 4 _ 1","4 _ 2 _ 3 _ 1","3 _ 2 _ 4 _ 1","disjunction_marginal_conjunction","3 _ 2 _ 1 _ 4","1 _ 3 _ 2 _ 4","1 _ 3 _ 2 _ 4","conjunction_marginal_disjunction",6,75
"61","pair","2 _ 3 _ 4 _ 1","1 _ 3 _ 2 _ 4","1 _ 3 _ 2 _ 4","disjunction_marginal_conjunction","1 _ 4 _ 3 _ 2","3 _ 1 _ 4 _ 2","1 _ 2 _ 4 _ 3","disjunction_conjunction_marginal","NA _ NA _ NA _ NA"," _  _  _ "," _  _  _ ","-","NA _ NA _ NA _ NA"," _  _  _ "," _  _  _ ","-","NA _ NA _ NA _ NA"," _  _  _ "," _  _  _ ","-","NA _ NA _ NA _ NA"," _  _  _ "," _  _  _ ","-","2 _ 3 _ 4 _ 1","4 _ 3 _ 2 _ 1","4 _ 2 _ 3 _ 1","conjunction_disjunction_marginal","2 _ 3 _ 1 _ 4","1 _ 3 _ 2 _ 4","2 _ 3 _ 1 _ 4","marginal_disjunction_conjunction",1,38
"62","full","1 _ 4 _ 2 _ 3","1 _ 2 _ 3 _ 4","3 _ 1 _ 2 _ 4","disjunction_marginal_conjunction"," _  _  _ "," _  _  _ "," _  _  _ ","-","2 _ 4 _ 1 _ 3","3 _ 4 _ 1 _ 2","3 _ 4 _ 2 _ 1","marginal_conjunction_disjunction"," _  _  _ "," _  _  _ "," _  _  _ ","-","3 _ 1 _ 4 _ 2","4 _ 2 _ 3 _ 1","4 _ 2 _ 3 _ 1","marginal_conjunction_disjunction"," _  _  _ "," _  _  _ "," _  _  _ ","-"," _  _  _ "," _  _  _ "," _  _  _ ","-","2 _ 3 _ 1 _ 4","1 _ 3 _ 2 _ 4","3 _ 1 _ 2 _ 4","conjunction_marginal_disjunction",5,14
"63","full","3 _ 4 _ 2 _ 1","3 _ 1 _ 2 _ 4","4 _ 3 _ 2 _ 1","disjunction_conjunction_marginal"," _  _  _ "," _  _  _ "," _  _  _ ","-"," _  _  _ "," _  _  _ "," _  _  _ ","-","4 _ 1 _ 3 _ 2","4 _ 1 _ 3 _ 2","1 _ 3 _ 4 _ 2","disjunction_marginal_conjunction"," _  _  _ "," _  _  _ "," _  _  _ ","-","4 _ 1 _ 2 _ 3","3 _ 4 _ 1 _ 2","3 _ 4 _ 1 _ 2","conjunction_disjunction_marginal","2 _ 4 _ 1 _ 3","2 _ 3 _ 1 _ 4","3 _ 2 _ 1 _ 4","conjunction_disjunction_marginal"," _  _  _ "," _  _  _ "," _  _  _ ","-",4,11
"64","full","1 _ 4 _ 2 _ 3","1 _ 2 _ 3 _ 4","1 _ 3 _ 2 _ 4","marginal_conjunction_disjunction"," _  _  _ "," _  _  _ "," _  _  _ ","-"," _  _  _ "," _  _  _ "," _  _  _ ","-","1 _ 3 _ 4 _ 2","2 _ 1 _ 3 _ 4","4 _ 1 _ 2 _ 3","marginal_conjunction_disjunction"," _  _  _ "," _  _  _ "," _  _  _ ","-","3 _ 1 _ 4 _ 2","4 _ 2 _ 3 _ 1","3 _ 2 _ 4 _ 1","conjunction_disjunction_marginal","3 _ 1 _ 2 _ 4","2 _ 4 _ 1 _ 3","3 _ 4 _ 2 _ 1","disjunction_marginal_conjunction"," _  _  _ "," _  _  _ "," _  _  _ ","-",2,35
"65","pair","3 _ 2 _ 1 _ 4","3 _ 4 _ 1 _ 2","2 _ 3 _ 1 _ 4","marginal_conjunction_disjunction","NA _ NA _ NA _ NA"," _  _  _ "," _  _  _ ","-","4 _ 1 _ 3 _ 2","4 _ 1 _ 3 _ 2","3 _ 4 _ 2 _ 1","conjunction_disjunction_marginal","NA _ NA _ NA _ NA"," _  _  _ "," _  _  _ ","-","4 _ 1 _ 3 _ 2","4 _ 2 _ 3 _ 1","4 _ 3 _ 2 _ 1","disjunction_marginal_conjunction","NA _ NA _ NA _ NA"," _  _  _ "," _  _  _ ","-","3 _ 2 _ 4 _ 1","4 _ 2 _ 3 _ 1","4 _ 2 _ 3 _ 1","marginal_disjunction_conjunction","NA _ NA _ NA _ NA"," _  _  _ "," _  _  _ ","-",4,81
"66","pair","NA _ NA _ NA _ NA"," _  _  _ "," _  _  _ ","-","NA _ NA _ NA _ NA"," _  _  _ "," _  _  _ ","-","4 _ 1 _ 3 _ 2","2 _ 1 _ 4 _ 3","2 _ 3 _ 4 _ 1","conjunction_marginal_disjunction","1 _ 4 _ 3 _ 2","3 _ 1 _ 4 _ 2","3 _ 1 _ 4 _ 2","disjunction_conjunction_marginal","NA _ NA _ NA _ NA"," _  _  _ "," _  _  _ ","-","3 _ 2 _ 4 _ 1","4 _ 3 _ 2 _ 1","4 _ 3 _ 2 _ 1","disjunction_marginal_conjunction","1 _ 4 _ 3 _ 2","3 _ 1 _ 4 _ 2","1 _ 3 _ 4 _ 2","conjunction_disjunction_marginal","NA _ NA _ NA _ NA"," _  _  _ "," _  _  _ ","-",7,71
"67","pair","4 _ 1 _ 2 _ 3","3 _ 1 _ 4 _ 2","2 _ 1 _ 3 _ 4","marginal_disjunction_conjunction","1 _ 4 _ 3 _ 2","2 _ 1 _ 4 _ 3","2 _ 1 _ 4 _ 3","conjunction_disjunction_marginal","NA _ NA _ NA _ NA"," _  _  _ "," _  _  _ ","-","NA _ NA _ NA _ NA"," _  _  _ "," _  _  _ ","-","4 _ 1 _ 3 _ 2","4 _ 3 _ 2 _ 1","4 _ 3 _ 2 _ 1","conjunction_marginal_disjunction","3 _ 2 _ 4 _ 1","3 _ 4 _ 2 _ 1","4 _ 3 _ 2 _ 1","disjunction_conjunction_marginal","NA _ NA _ NA _ NA"," _  _  _ "," _  _  _ ","-","NA _ NA _ NA _ NA"," _  _  _ "," _  _  _ ","-",6,27
"68","full"," _  _  _ "," _  _  _ "," _  _  _ ","-","1 _ 4 _ 2 _ 3","1 _ 4 _ 3 _ 2","1 _ 3 _ 4 _ 2","marginal_conjunction_disjunction"," _  _  _ "," _  _  _ "," _  _  _ ","-","1 _ 4 _ 3 _ 2","1 _ 2 _ 4 _ 3","3 _ 2 _ 1 _ 4","marginal_conjunction_disjunction","2 _ 4 _ 3 _ 1","3 _ 1 _ 4 _ 2","3 _ 4 _ 1 _ 2","marginal_disjunction_conjunction"," _  _  _ "," _  _  _ "," _  _  _ ","-"," _  _  _ "," _  _  _ "," _  _  _ ","-","1 _ 4 _ 3 _ 2","2 _ 1 _ 4 _ 3","4 _ 2 _ 1 _ 3","marginal_conjunction_disjunction",3,68
"69","full"," _  _  _ "," _  _  _ "," _  _  _ ","-","1 _ 3 _ 4 _ 2","4 _ 1 _ 3 _ 2","3 _ 1 _ 4 _ 2","disjunction_marginal_conjunction"," _  _  _ "," _  _  _ "," _  _  _ ","-","1 _ 3 _ 4 _ 2","3 _ 1 _ 4 _ 2","3 _ 1 _ 4 _ 2","marginal_disjunction_conjunction"," _  _  _ "," _  _  _ "," _  _  _ ","-","3 _ 2 _ 4 _ 1","4 _ 2 _ 3 _ 1","4 _ 2 _ 3 _ 1","conjunction_disjunction_marginal","3 _ 2 _ 4 _ 1","4 _ 2 _ 3 _ 1","4 _ 2 _ 3 _ 1","marginal_conjunction_disjunction"," _  _  _ "," _  _  _ "," _  _  _ ","-",5,93
"70","full"," _  _  _ "," _  _  _ "," _  _  _ ","-","2 _ 3 _ 1 _ 4","1 _ 2 _ 3 _ 4","1 _ 2 _ 3 _ 4","marginal_disjunction_conjunction"," _  _  _ "," _  _  _ "," _  _  _ ","-","2 _ 3 _ 4 _ 1","3 _ 1 _ 4 _ 2","4 _ 2 _ 3 _ 1","marginal_disjunction_conjunction","4 _ 2 _ 1 _ 3","4 _ 3 _ 1 _ 2","3 _ 2 _ 4 _ 1","marginal_conjunction_disjunction","3 _ 2 _ 4 _ 1","4 _ 2 _ 3 _ 1","3 _ 2 _ 4 _ 1","marginal_disjunction_conjunction"," _  _  _ "," _  _  _ "," _  _  _ ","-"," _  _  _ "," _  _  _ "," _  _  _ ","-",6,15
"71","pair","2 _ 3 _ 1 _ 4","2 _ 3 _ 1 _ 4","1 _ 3 _ 2 _ 4","marginal_conjunction_disjunction","2 _ 3 _ 1 _ 4","2 _ 3 _ 1 _ 4","1 _ 2 _ 3 _ 4","disjunction_conjunction_marginal","NA _ NA _ NA _ NA"," _  _  _ "," _  _  _ ","-","NA _ NA _ NA _ NA"," _  _  _ "," _  _  _ ","-","NA _ NA _ NA _ NA"," _  _  _ "," _  _  _ ","-","4 _ 1 _ 3 _ 2","4 _ 2 _ 3 _ 1","4 _ 2 _ 3 _ 1","disjunction_conjunction_marginal","2 _ 3 _ 4 _ 1","3 _ 1 _ 4 _ 2","3 _ 1 _ 4 _ 2","marginal_conjunction_disjunction","NA _ NA _ NA _ NA"," _  _  _ "," _  _  _ ","-",5,22
"72","full"," _  _  _ "," _  _  _ "," _  _  _ ","-","1 _ 4 _ 3 _ 2","2 _ 1 _ 3 _ 4","2 _ 1 _ 3 _ 4","marginal_disjunction_conjunction"," _  _  _ "," _  _  _ "," _  _  _ ","-","2 _ 4 _ 3 _ 1","2 _ 1 _ 4 _ 3","3 _ 1 _ 4 _ 2","marginal_conjunction_disjunction","4 _ 1 _ 3 _ 2","3 _ 1 _ 2 _ 4","4 _ 3 _ 2 _ 1","disjunction_marginal_conjunction"," _  _  _ "," _  _  _ "," _  _  _ ","-"," _  _  _ "," _  _  _ "," _  _  _ ","-","1 _ 4 _ 2 _ 3","1 _ 2 _ 4 _ 3","1 _ 2 _ 3 _ 4","conjunction_disjunction_marginal",3,12
"73","pair","NA _ NA _ NA _ NA"," _  _  _ "," _  _  _ ","-","NA _ NA _ NA _ NA"," _  _  _ "," _  _  _ ","-","4 _ 1 _ 2 _ 3","2 _ 1 _ 4 _ 3","2 _ 4 _ 3 _ 1","conjunction_disjunction_marginal","1 _ 4 _ 3 _ 2","4 _ 1 _ 3 _ 2","3 _ 1 _ 4 _ 2","marginal_disjunction_conjunction","2 _ 3 _ 4 _ 1","4 _ 2 _ 3 _ 1","4 _ 2 _ 3 _ 1","marginal_disjunction_conjunction","NA _ NA _ NA _ NA"," _  _  _ "," _  _  _ ","-","NA _ NA _ NA _ NA"," _  _  _ "," _  _  _ ","-","2 _ 3 _ 1 _ 4","1 _ 4 _ 2 _ 3","1 _ 3 _ 2 _ 4","disjunction_marginal_conjunction",3,69
"74","full","1 _ 4 _ 2 _ 3","1 _ 2 _ 3 _ 4","1 _ 2 _ 3 _ 4","conjunction_disjunction_marginal"," _  _  _ "," _  _  _ "," _  _  _ ","-"," _  _  _ "," _  _  _ "," _  _  _ ","-","1 _ 3 _ 4 _ 2","3 _ 1 _ 4 _ 2","2 _ 1 _ 4 _ 3","conjunction_marginal_disjunction","4 _ 1 _ 2 _ 3","4 _ 3 _ 2 _ 1","4 _ 3 _ 2 _ 1","marginal_conjunction_disjunction"," _  _  _ "," _  _  _ "," _  _  _ ","-"," _  _  _ "," _  _  _ "," _  _  _ ","-","1 _ 4 _ 2 _ 3","1 _ 2 _ 3 _ 4","1 _ 2 _ 3 _ 4","conjunction_disjunction_marginal",5,47
"75","pair","NA _ NA _ NA _ NA"," _  _  _ "," _  _  _ ","-","1 _ 4 _ 3 _ 2","4 _ 1 _ 3 _ 2","2 _ 1 _ 3 _ 4","conjunction_disjunction_marginal","NA _ NA _ NA _ NA"," _  _  _ "," _  _  _ ","-","1 _ 4 _ 3 _ 2","1 _ 2 _ 3 _ 4","1 _ 2 _ 3 _ 4","marginal_disjunction_conjunction","4 _ 1 _ 2 _ 3","4 _ 2 _ 3 _ 1","4 _ 3 _ 2 _ 1","marginal_conjunction_disjunction","NA _ NA _ NA _ NA"," _  _  _ "," _  _  _ ","-","1 _ 4 _ 3 _ 2","2 _ 1 _ 3 _ 4","2 _ 1 _ 3 _ 4","marginal_conjunction_disjunction","NA _ NA _ NA _ NA"," _  _  _ "," _  _  _ ","-",4,77
"76","pair","NA _ NA _ NA _ NA"," _  _  _ "," _  _  _ ","-","NA _ NA _ NA _ NA"," _  _  _ "," _  _  _ ","-","4 _ 1 _ 3 _ 2","4 _ 1 _ 3 _ 2","4 _ 3 _ 2 _ 1","marginal_conjunction_disjunction","1 _ 4 _ 3 _ 2","2 _ 1 _ 4 _ 3","1 _ 2 _ 4 _ 3","marginal_conjunction_disjunction","NA _ NA _ NA _ NA"," _  _  _ "," _  _  _ ","-","4 _ 1 _ 3 _ 2","4 _ 2 _ 3 _ 1","4 _ 2 _ 3 _ 1","disjunction_marginal_conjunction","NA _ NA _ NA _ NA"," _  _  _ "," _  _  _ ","-","1 _ 4 _ 3 _ 2","3 _ 1 _ 4 _ 2","2 _ 1 _ 4 _ 3","marginal_disjunction_conjunction",2,25
"77","full"," _  _  _ "," _  _  _ "," _  _  _ ","-"," _  _  _ "," _  _  _ "," _  _  _ ","-","4 _ 2 _ 3 _ 1","3 _ 4 _ 2 _ 1","2 _ 3 _ 4 _ 1","disjunction_marginal_conjunction","2 _ 4 _ 1 _ 3","1 _ 3 _ 2 _ 4","1 _ 2 _ 3 _ 4","disjunction_marginal_conjunction","4 _ 1 _ 2 _ 3","1 _ 2 _ 3 _ 4","4 _ 2 _ 3 _ 1","disjunction_conjunction_marginal","4 _ 1 _ 2 _ 3","4 _ 3 _ 1 _ 2","2 _ 4 _ 1 _ 3","marginal_disjunction_conjunction"," _  _  _ "," _  _  _ "," _  _  _ ","-"," _  _  _ "," _  _  _ "," _  _  _ ","-",2,17
"78","pair","1 _ 4 _ 2 _ 3","1 _ 2 _ 3 _ 4","1 _ 2 _ 4 _ 3","marginal_disjunction_conjunction","NA _ NA _ NA _ NA"," _  _  _ "," _  _  _ ","-","4 _ 1 _ 3 _ 2","3 _ 2 _ 4 _ 1","4 _ 1 _ 3 _ 2","marginal_conjunction_disjunction","NA _ NA _ NA _ NA"," _  _  _ "," _  _  _ ","-","NA _ NA _ NA _ NA"," _  _  _ "," _  _  _ ","-","3 _ 2 _ 4 _ 1","4 _ 3 _ 2 _ 1","3 _ 2 _ 4 _ 1","marginal_conjunction_disjunction","2 _ 3 _ 4 _ 1","2 _ 1 _ 4 _ 3","4 _ 3 _ 2 _ 1","disjunction_marginal_conjunction","NA _ NA _ NA _ NA"," _  _  _ "," _  _  _ ","-",7,48
"79","pair","1 _ 4 _ 2 _ 3","1 _ 2 _ 3 _ 4","1 _ 2 _ 3 _ 4","conjunction_disjunction_marginal","3 _ 2 _ 4 _ 1","4 _ 2 _ 3 _ 1","4 _ 3 _ 2 _ 1","marginal_conjunction_disjunction","NA _ NA _ NA _ NA"," _  _  _ "," _  _  _ ","-","NA _ NA _ NA _ NA"," _  _  _ "," _  _  _ ","-","NA _ NA _ NA _ NA"," _  _  _ "," _  _  _ ","-","4 _ 1 _ 3 _ 2","4 _ 2 _ 3 _ 1","4 _ 2 _ 3 _ 1","marginal_disjunction_conjunction","3 _ 2 _ 4 _ 1","4 _ 2 _ 3 _ 1","4 _ 2 _ 3 _ 1","disjunction_conjunction_marginal","NA _ NA _ NA _ NA"," _  _  _ "," _  _  _ ","-",4,18
"80","pair","NA _ NA _ NA _ NA"," _  _  _ "," _  _  _ ","-","NA _ NA _ NA _ NA"," _  _  _ "," _  _  _ ","-","3 _ 2 _ 1 _ 4","2 _ 4 _ 3 _ 1","2 _ 4 _ 1 _ 3","conjunction_marginal_disjunction","1 _ 4 _ 3 _ 2","2 _ 1 _ 4 _ 3","3 _ 1 _ 4 _ 2","disjunction_conjunction_marginal","2 _ 3 _ 4 _ 1","4 _ 1 _ 3 _ 2","3 _ 2 _ 4 _ 1","marginal_conjunction_disjunction","NA _ NA _ NA _ NA"," _  _  _ "," _  _  _ ","-","NA _ NA _ NA _ NA"," _  _  _ "," _  _  _ ","-","4 _ 1 _ 2 _ 3","3 _ 4 _ 1 _ 2","3 _ 4 _ 1 _ 2","disjunction_conjunction_marginal",1,33
"81","pair","NA _ NA _ NA _ NA"," _  _  _ "," _  _  _ ","-","3 _ 2 _ 1 _ 4","1 _ 2 _ 3 _ 4","1 _ 3 _ 4 _ 2","marginal_disjunction_conjunction","NA _ NA _ NA _ NA"," _  _  _ "," _  _  _ ","-","3 _ 2 _ 1 _ 4","2 _ 3 _ 1 _ 4","1 _ 2 _ 4 _ 3","conjunction_disjunction_marginal","NA _ NA _ NA _ NA"," _  _  _ "," _  _  _ ","-","NA _ NA _ NA _ NA"," _  _  _ "," _  _  _ ","-","1 _ 4 _ 2 _ 3","1 _ 2 _ 3 _ 4","1 _ 3 _ 4 _ 2","marginal_conjunction_disjunction","1 _ 4 _ 3 _ 2","3 _ 1 _ 4 _ 2","1 _ 4 _ 2 _ 3","disjunction_marginal_conjunction",2,53
"82","full","1 _ 2 _ 3 _ 4","2 _ 4 _ 1 _ 3","1 _ 2 _ 3 _ 4","disjunction_conjunction_marginal"," _  _  _ "," _  _  _ "," _  _  _ ","-","4 _ 1 _ 3 _ 2","1 _ 4 _ 3 _ 2","3 _ 4 _ 2 _ 1","conjunction_marginal_disjunction"," _  _  _ "," _  _  _ "," _  _  _ ","-"," _  _  _ "," _  _  _ "," _  _  _ ","-","4 _ 1 _ 3 _ 2","4 _ 3 _ 2 _ 1","3 _ 4 _ 2 _ 1","marginal_conjunction_disjunction"," _  _  _ "," _  _  _ "," _  _  _ ","-","1 _ 3 _ 2 _ 4","1 _ 2 _ 4 _ 3","1 _ 2 _ 3 _ 4","marginal_disjunction_conjunction",2,78
"83","full"," _  _  _ "," _  _  _ "," _  _  _ ","-","1 _ 2 _ 3 _ 4","2 _ 1 _ 4 _ 3","2 _ 1 _ 4 _ 3","disjunction_conjunction_marginal","3 _ 2 _ 4 _ 1","4 _ 2 _ 3 _ 1","3 _ 2 _ 4 _ 1","disjunction_conjunction_marginal"," _  _  _ "," _  _  _ "," _  _  _ ","-","2 _ 3 _ 4 _ 1","2 _ 1 _ 3 _ 4","3 _ 1 _ 4 _ 2","marginal_disjunction_conjunction"," _  _  _ "," _  _  _ "," _  _  _ ","-"," _  _  _ "," _  _  _ "," _  _  _ ","-","4 _ 1 _ 2 _ 3","3 _ 4 _ 1 _ 2","3 _ 4 _ 1 _ 2","marginal_conjunction_disjunction",5,4
"84","full"," _  _  _ "," _  _  _ "," _  _  _ ","-","1 _ 3 _ 2 _ 4","1 _ 3 _ 2 _ 4","1 _ 2 _ 4 _ 3","disjunction_conjunction_marginal"," _  _  _ "," _  _  _ "," _  _  _ ","-","1 _ 3 _ 4 _ 2","2 _ 1 _ 4 _ 3","2 _ 1 _ 4 _ 3","marginal_conjunction_disjunction"," _  _  _ "," _  _  _ "," _  _  _ ","-"," _  _  _ "," _  _  _ "," _  _  _ ","-","2 _ 3 _ 4 _ 1","4 _ 3 _ 2 _ 1","4 _ 2 _ 3 _ 1","disjunction_conjunction_marginal","1 _ 4 _ 2 _ 3","1 _ 2 _ 3 _ 4","1 _ 2 _ 3 _ 4","disjunction_marginal_conjunction",6,67
"85","pair","4 _ 1 _ 3 _ 2","4 _ 3 _ 2 _ 1","4 _ 3 _ 2 _ 1","disjunction_conjunction_marginal","3 _ 2 _ 4 _ 1","4 _ 1 _ 3 _ 2","2 _ 3 _ 4 _ 1","conjunction_disjunction_marginal","NA _ NA _ NA _ NA"," _  _  _ "," _  _  _ ","-","NA _ NA _ NA _ NA"," _  _  _ "," _  _  _ ","-","2 _ 3 _ 1 _ 4","1 _ 3 _ 2 _ 4","1 _ 3 _ 2 _ 4","marginal_disjunction_conjunction","3 _ 2 _ 4 _ 1","4 _ 3 _ 2 _ 1","4 _ 3 _ 2 _ 1","conjunction_disjunction_marginal","NA _ NA _ NA _ NA"," _  _  _ "," _  _  _ ","-","NA _ NA _ NA _ NA"," _  _  _ "," _  _  _ ","-",2,86
"86","pair","1 _ 4 _ 2 _ 3","1 _ 3 _ 2 _ 4","1 _ 2 _ 3 _ 4","conjunction_marginal_disjunction","1 _ 4 _ 3 _ 2","2 _ 1 _ 3 _ 4","1 _ 2 _ 4 _ 3","conjunction_marginal_disjunction","NA _ NA _ NA _ NA"," _  _  _ "," _  _  _ ","-","NA _ NA _ NA _ NA"," _  _  _ "," _  _  _ ","-","4 _ 1 _ 2 _ 3","3 _ 4 _ 1 _ 2","4 _ 1 _ 2 _ 3","marginal_disjunction_conjunction","4 _ 1 _ 3 _ 2","3 _ 2 _ 4 _ 1","2 _ 1 _ 3 _ 4","marginal_disjunction_conjunction","NA _ NA _ NA _ NA"," _  _  _ "," _  _  _ ","-","NA _ NA _ NA _ NA"," _  _  _ "," _  _  _ ","-",5,82
"87","pair","1 _ 4 _ 2 _ 3","3 _ 1 _ 2 _ 4","3 _ 2 _ 1 _ 4","conjunction_disjunction_marginal","NA _ NA _ NA _ NA"," _  _  _ "," _  _  _ ","-","1 _ 4 _ 2 _ 3","2 _ 1 _ 3 _ 4","1 _ 3 _ 4 _ 2","disjunction_marginal_conjunction","NA _ NA _ NA _ NA"," _  _  _ "," _  _  _ ","-","1 _ 4 _ 2 _ 3","1 _ 3 _ 2 _ 4","1 _ 3 _ 2 _ 4","conjunction_disjunction_marginal","NA _ NA _ NA _ NA"," _  _  _ "," _  _  _ ","-","2 _ 3 _ 1 _ 4","1 _ 3 _ 2 _ 4","1 _ 3 _ 2 _ 4","marginal_disjunction_conjunction","NA _ NA _ NA _ NA"," _  _  _ "," _  _  _ ","-",4,54
"88","pair","NA _ NA _ NA _ NA"," _  _  _ "," _  _  _ ","-","NA _ NA _ NA _ NA"," _  _  _ "," _  _  _ ","-","1 _ 4 _ 3 _ 2","3 _ 4 _ 1 _ 2","4 _ 3 _ 1 _ 2","disjunction_conjunction_marginal","2 _ 3 _ 4 _ 1","3 _ 1 _ 4 _ 2","2 _ 1 _ 4 _ 3","marginal_conjunction_disjunction","3 _ 2 _ 4 _ 1","4 _ 2 _ 1 _ 3","3 _ 2 _ 4 _ 1","disjunction_conjunction_marginal","NA _ NA _ NA _ NA"," _  _  _ "," _  _  _ ","-","NA _ NA _ NA _ NA"," _  _  _ "," _  _  _ ","-","4 _ 1 _ 3 _ 2","3 _ 2 _ 4 _ 1","1 _ 2 _ 3 _ 4","disjunction_conjunction_marginal",7,66
"89","full"," _  _  _ "," _  _  _ "," _  _  _ ","-","1 _ 4 _ 3 _ 2","2 _ 1 _ 4 _ 3","2 _ 1 _ 3 _ 4","marginal_disjunction_conjunction","3 _ 2 _ 4 _ 1","1 _ 4 _ 3 _ 2","4 _ 3 _ 2 _ 1","conjunction_marginal_disjunction"," _  _  _ "," _  _  _ "," _  _  _ ","-"," _  _  _ "," _  _  _ "," _  _  _ ","-"," _  _  _ "," _  _  _ "," _  _  _ ","-","3 _ 2 _ 4 _ 1","4 _ 2 _ 3 _ 1","4 _ 2 _ 3 _ 1","marginal_disjunction_conjunction","4 _ 1 _ 3 _ 2","4 _ 3 _ 2 _ 1","4 _ 3 _ 2 _ 1","marginal_conjunction_disjunction",7,100
"90","full","2 _ 3 _ 4 _ 1","1 _ 4 _ 3 _ 2","1 _ 4 _ 3 _ 2","disjunction_conjunction_marginal","1 _ 3 _ 2 _ 4","1 _ 2 _ 3 _ 4","1 _ 3 _ 2 _ 4","marginal_conjunction_disjunction"," _  _  _ "," _  _  _ "," _  _  _ ","-"," _  _  _ "," _  _  _ "," _  _  _ ","-","3 _ 1 _ 4 _ 2","1 _ 4 _ 2 _ 3","1 _ 3 _ 2 _ 4","disjunction_marginal_conjunction"," _  _  _ "," _  _  _ "," _  _  _ ","-","1 _ 3 _ 2 _ 4","3 _ 1 _ 4 _ 2","4 _ 1 _ 3 _ 2","marginal_conjunction_disjunction"," _  _  _ "," _  _  _ "," _  _  _ ","-",1,26
"91","pair","NA _ NA _ NA _ NA"," _  _  _ "," _  _  _ ","-","2 _ 3 _ 4 _ 1","3 _ 1 _ 4 _ 2","3 _ 1 _ 4 _ 2","conjunction_marginal_disjunction","NA _ NA _ NA _ NA"," _  _  _ "," _  _  _ ","-","1 _ 4 _ 3 _ 2","3 _ 1 _ 2 _ 4","2 _ 1 _ 4 _ 3","marginal_disjunction_conjunction","4 _ 1 _ 3 _ 2","2 _ 3 _ 4 _ 1","4 _ 2 _ 3 _ 1","conjunction_marginal_disjunction","4 _ 1 _ 3 _ 2","3 _ 2 _ 4 _ 1","4 _ 2 _ 3 _ 1","marginal_conjunction_disjunction","NA _ NA _ NA _ NA"," _  _  _ "," _  _  _ ","-","NA _ NA _ NA _ NA"," _  _  _ "," _  _  _ ","-",4,70
"92","pair","NA _ NA _ NA _ NA"," _  _  _ "," _  _  _ ","-","NA _ NA _ NA _ NA"," _  _  _ "," _  _  _ ","-","2 _ 3 _ 1 _ 4","1 _ 3 _ 4 _ 2","1 _ 3 _ 2 _ 4","marginal_conjunction_disjunction","1 _ 4 _ 3 _ 2","3 _ 1 _ 2 _ 4","1 _ 3 _ 2 _ 4","marginal_disjunction_conjunction","3 _ 2 _ 1 _ 4","2 _ 4 _ 1 _ 3","2 _ 3 _ 1 _ 4","conjunction_marginal_disjunction","NA _ NA _ NA _ NA"," _  _  _ "," _  _  _ ","-","NA _ NA _ NA _ NA"," _  _  _ "," _  _  _ ","-","2 _ 3 _ 1 _ 4","1 _ 3 _ 2 _ 4","1 _ 3 _ 2 _ 4","marginal_disjunction_conjunction",4,20
"93","full","1 _ 3 _ 2 _ 4","1 _ 4 _ 2 _ 3","1 _ 2 _ 3 _ 4","conjunction_marginal_disjunction"," _  _  _ "," _  _  _ "," _  _  _ ","-","3 _ 1 _ 4 _ 2","4 _ 3 _ 2 _ 1","4 _ 3 _ 2 _ 1","disjunction_marginal_conjunction"," _  _  _ "," _  _  _ "," _  _  _ ","-"," _  _  _ "," _  _  _ "," _  _  _ ","-","4 _ 3 _ 1 _ 2","4 _ 3 _ 1 _ 2","3 _ 4 _ 1 _ 2","disjunction_marginal_conjunction","1 _ 3 _ 2 _ 4","1 _ 4 _ 3 _ 2","1 _ 4 _ 2 _ 3","conjunction_marginal_disjunction"," _  _  _ "," _  _  _ "," _  _  _ ","-",5,23
"94","full","2 _ 4 _ 1 _ 3","1 _ 2 _ 3 _ 4","2 _ 3 _ 1 _ 4","disjunction_marginal_conjunction"," _  _  _ "," _  _  _ "," _  _  _ ","-"," _  _  _ "," _  _  _ "," _  _  _ ","-","2 _ 4 _ 3 _ 1","2 _ 1 _ 4 _ 3","4 _ 3 _ 2 _ 1","conjunction_marginal_disjunction"," _  _  _ "," _  _  _ "," _  _  _ ","-","1 _ 4 _ 2 _ 3","1 _ 2 _ 4 _ 3","3 _ 1 _ 4 _ 2","marginal_disjunction_conjunction","4 _ 1 _ 2 _ 3","2 _ 4 _ 1 _ 3","3 _ 4 _ 1 _ 2","marginal_disjunction_conjunction"," _  _  _ "," _  _  _ "," _  _  _ ","-",4,91
"95","full","3 _ 4 _ 1 _ 2","1 _ 3 _ 2 _ 4","1 _ 4 _ 2 _ 3","conjunction_disjunction_marginal","1 _ 4 _ 2 _ 3","1 _ 3 _ 4 _ 2","1 _ 2 _ 3 _ 4","disjunction_marginal_conjunction"," _  _  _ "," _  _  _ "," _  _  _ ","-"," _  _  _ "," _  _  _ "," _  _  _ ","-","3 _ 4 _ 1 _ 2","3 _ 1 _ 2 _ 4","3 _ 4 _ 1 _ 2","conjunction_disjunction_marginal","1 _ 3 _ 2 _ 4","1 _ 3 _ 2 _ 4","1 _ 4 _ 2 _ 3","marginal_disjunction_conjunction"," _  _  _ "," _  _  _ "," _  _  _ ","-"," _  _  _ "," _  _  _ "," _  _  _ ","-",4,101
"96","pair","NA _ NA _ NA _ NA"," _  _  _ "," _  _  _ ","-","NA _ NA _ NA _ NA"," _  _  _ "," _  _  _ ","-","3 _ 2 _ 4 _ 1","4 _ 1 _ 3 _ 2","4 _ 2 _ 3 _ 1","marginal_conjunction_disjunction","4 _ 1 _ 3 _ 2","4 _ 3 _ 2 _ 1","4 _ 3 _ 2 _ 1","marginal_conjunction_disjunction","NA _ NA _ NA _ NA"," _  _  _ "," _  _  _ ","-","NA _ NA _ NA _ NA"," _  _  _ "," _  _  _ ","-","1 _ 4 _ 3 _ 2","2 _ 1 _ 4 _ 3","2 _ 1 _ 4 _ 3","marginal_conjunction_disjunction","2 _ 3 _ 1 _ 4","1 _ 3 _ 2 _ 4","1 _ 3 _ 2 _ 4","marginal_disjunction_conjunction",6,79
"97","full"," _  _  _ "," _  _  _ "," _  _  _ ","-","3 _ 2 _ 4 _ 1","4 _ 3 _ 2 _ 1","4 _ 2 _ 3 _ 1","conjunction_disjunction_marginal"," _  _  _ "," _  _  _ "," _  _  _ ","-","1 _ 2 _ 4 _ 3","3 _ 1 _ 4 _ 2","3 _ 1 _ 4 _ 2","marginal_disjunction_conjunction"," _  _  _ "," _  _  _ "," _  _  _ ","-","3 _ 2 _ 4 _ 1","4 _ 2 _ 3 _ 1","4 _ 2 _ 3 _ 1","marginal_disjunction_conjunction","2 _ 3 _ 4 _ 1","3 _ 1 _ 4 _ 2","3 _ 1 _ 4 _ 2","disjunction_conjunction_marginal"," _  _  _ "," _  _  _ "," _  _  _ ","-",5,9
"98","full","3 _ 2 _ 4 _ 1","1 _ 2 _ 3 _ 4","1 _ 3 _ 2 _ 4","conjunction_disjunction_marginal"," _  _  _ "," _  _  _ "," _  _  _ ","-","4 _ 1 _ 3 _ 2","1 _ 3 _ 4 _ 2","4 _ 3 _ 2 _ 1","marginal_disjunction_conjunction"," _  _  _ "," _  _  _ "," _  _  _ ","-","4 _ 1 _ 3 _ 2","4 _ 2 _ 3 _ 1","3 _ 4 _ 2 _ 1","disjunction_conjunction_marginal"," _  _  _ "," _  _  _ "," _  _  _ ","-"," _  _  _ "," _  _  _ "," _  _  _ ","-","2 _ 3 _ 1 _ 4","1 _ 2 _ 4 _ 3","2 _ 3 _ 1 _ 4","disjunction_marginal_conjunction",6,55
"99","pair","NA _ NA _ NA _ NA"," _  _  _ "," _  _  _ ","-","1 _ 4 _ 2 _ 3","1 _ 4 _ 3 _ 2","1 _ 3 _ 2 _ 4","conjunction_marginal_disjunction","4 _ 1 _ 3 _ 2","1 _ 2 _ 3 _ 4","1 _ 3 _ 4 _ 2","conjunction_marginal_disjunction","NA _ NA _ NA _ NA"," _  _  _ "," _  _  _ ","-","4 _ 1 _ 3 _ 2","4 _ 3 _ 2 _ 1","3 _ 4 _ 2 _ 1","marginal_disjunction_conjunction","NA _ NA _ NA _ NA"," _  _  _ "," _  _  _ ","-","1 _ 4 _ 3 _ 2","2 _ 1 _ 4 _ 3","2 _ 1 _ 4 _ 3","disjunction_marginal_conjunction","NA _ NA _ NA _ NA"," _  _  _ "," _  _  _ ","-",1,36
"100","pair","4 _ 1 _ 3 _ 2","4 _ 3 _ 2 _ 1","4 _ 3 _ 2 _ 1","marginal_disjunction_conjunction","NA _ NA _ NA _ NA"," _  _  _ "," _  _  _ ","-","NA _ NA _ NA _ NA"," _  _  _ "," _  _  _ ","-","1 _ 4 _ 3 _ 2","4 _ 3 _ 1 _ 2","2 _ 1 _ 4 _ 3","conjunction_marginal_disjunction","NA _ NA _ NA _ NA"," _  _  _ "," _  _  _ ","-","3 _ 2 _ 4 _ 1","4 _ 3 _ 2 _ 1","4 _ 2 _ 3 _ 1","disjunction_marginal_conjunction","NA _ NA _ NA _ NA"," _  _  _ "," _  _  _ ","-","2 _ 3 _ 1 _ 4","1 _ 3 _ 2 _ 4","1 _ 3 _ 2 _ 4","disjunction_marginal_conjunction",5,62
"101","full"," _  _  _ "," _  _  _ "," _  _  _ ","-"," _  _  _ "," _  _  _ "," _  _  _ ","-","2 _ 3 _ 1 _ 4","2 _ 4 _ 1 _ 3","3 _ 1 _ 4 _ 2","disjunction_marginal_conjunction","1 _ 4 _ 3 _ 2","2 _ 1 _ 4 _ 3","3 _ 1 _ 4 _ 2","marginal_conjunction_disjunction","2 _ 3 _ 4 _ 1","2 _ 1 _ 4 _ 3","3 _ 1 _ 4 _ 2","marginal_conjunction_disjunction","3 _ 2 _ 4 _ 1","4 _ 2 _ 3 _ 1","4 _ 2 _ 3 _ 1","disjunction_conjunction_marginal"," _  _  _ "," _  _  _ "," _  _  _ ","-"," _  _  _ "," _  _  _ "," _  _  _ ","-",7,72
